{
  "r2": 0.41836713007837933,
  "mae": 1044560.6567706082,
  "rmse": 1278214.1078859156
}