{
  "r2": 0.26964644894180567,
  "mae": 1260866.0,
  "rmse": 1432338.640950526
}